sozialer,MISC
Meslier,PER
“modifications de notre chair et de notre cerveau,MISC
Voltaire,PER
England,LOC
Freimaurerei,ORG
Französischen Revolution,MISC
Freimaurer,ORG
Frankreich,LOC
Großen Revolution,MISC
“,MISC
Voltaire,PER
französischen,MISC
Europas,LOC
SNicht,MISC
Voltaires,PER
sozialen,MISC
Fortschritts,PER
“,MISC
“,MISC
Voltaire,LOC
sur les mœurs,MISC
christlich-teleologisch,MISC
Voltaire,PER
Helvétius,PER
De l’Esprit,MISC
“bon sauvage,MISC
Voltaires Traité sur la tolérance,PER
Derselbe Voltaire,PER
Lessings Nathan,PER
Zaïre,LOC
Voltaire,PER
Mahomet,PER
Le fanatisme de Mahomet le prophète,MISC
“tolérance,MISC
“intolérance théologique”,MISC
“intolérance civile”,MISC
Rousseau,PER
Gesellschaftsgefüges,PER
Robespierre,PER
“Être suprême”-Kults,MISC
Rousseaus Prinzipien,PER
Widerstand gegen die Innovationen,MISC
“,MISC
“antiphilosophes”,MISC
Revolution,MISC
Jahrhundertmitte,ORG
Voltaire,PER
Martinès de Pasqually,PER
Saint-Martin,PER
Holbachs Système de la nature,PER
Chateaubriand,LOC
christlichen,MISC
Le Déisme réfuté par lui-même,MISC
Nicolas-Sylvestre Bergier,PER
Toleranzidee,LOC
Bergier,MISC
Holbachs Système de la Nature,PER
Zeit wohlgemeinte Vermittlungsversuche,MISC
André Lamourette,PER
Lyon,LOC
Rousseaus Anthropologie,PER
Christentum,MISC
Christentum,MISC
Fouquier-Tinville,MISC
Prônes civiques ou le pasteur patriote,ORG
Konvents,LOC
Lamourette,PER
Morelly,PER
Privateigentums,LOC
kommunistische,MISC
Revolution “Gracchus” Babeuf
,MISC
“bonheur commun”,MISC
kommunistische,MISC
Babeuf,PER
ein:1797,PER
