C’,MISC
est,
un,
grand,
et,
beau,
spectacle,
de,
voir,
l’,
homme,
sortir,
",",
en,
quelque,
manière,
"
",
du,
néant,
par,
ses,
propres,
efforts;dissiper,
",",
par,
les,
lumières,
de,
sa,
raison,
",",
les,
ténèbres,
dans,
lesquelles,
la,
nature,
l’,
avoit,
enveloppé;’élever,
au,
-,
dessus,
de,
lui,
-,
même;’élancer,
par,
l’,
esprit,
jusque,
dans,
les,
régions,
célestes;parcourir,
à,
pas,
5,
	,
de,
géant,
",",
ainsi,
que,
le,
soleil,
",",
la,
vaste,
étendue,
de,
l’,
univers;et,
",",
ce,
qui,
est,
encore,
"
",
plus,
grand,
et,
plus,
difficile,
",",
rentrer,
en,
soi,
pour,
y,
étudier,
l’,
homme,
et,
connoître,
sa,
nature,
",",
ses,
devoirs,
et,
sa,
fin,
.,
Toutes,
ces,
merveilles,
se,
sont,
renouvelées,
depuis,
peu,
de,
générations,
.,
"
",
égalité”-,
"
",
Le,
principal,
caractère,
qui,
le,
[,
sc.den,
Menschen,LOC
—,
D.R.,
],
distingue,
de,
toutes,
les,
"
",
autres,
créatures,
de,
l’,
univers,
",",
c’,
est,
la,
perfectibilité,
qu’,
il,
a,
reçue,
de,
se,
rendre,
plus,
parfait,
",",
faculté,
qui,
opère,
sans,
cesse,
les,
plus,
étonnantes,
révolutions,
et,
dans,
son,
être,
et,
dans,
toute,
la,
nature,
[,
...,
],
Quand,MISC
on,MISC
réfléchit,MISC
sérieusement,MISC
sur,MISC
l’,MISC
homme,MISC
et,
5,
	,
sur,
sa,
déplorable,
destinée,
confirmée,
par,
l’,
histoire,
de,
tant,
de,
siècles,
",",
on,
est,
tenté,
"
",
de,
croire,
que,
le,
don,
de,
se,
perfectionner,
qu’,
il,
a,
reçu,
de,
la,
nature,
lui,
a,
été,
plus,
funestequ’,
utile,
.,
"
",
II,
serait,
triste,
pour,
nous,
d’,
être,
forcé,
de,
convenir,
que,
cette,
facultédistinctive,
et,
"
",
presque,
illimitée,
[,
sc.die,
“,
perfectibilité,
”,
-,
D.R.,PER
],
est,
la,
source,
de,
tous,
les,
malheurs,
de,
l’,
homme;que,
c’,
est,
elle,
qui,
le,
tire,
à,
force,
de,
temps,
de,
cette,
condition,
originaire,
dans,
laquelle,
il,
couleroit,
des,
jours,
tranquilles,
et,
innocents,
",",
que,
c’,MISC
est,
elle,
qui,
",",
5,
	,
faisant,
éclore,
avec,
les,
siècles,
ses,
lumières,
et,
ses,
erreurs,
",",
ses,
vices,
et,
ses,
vertus,
",",
"
",
le,
rend,
à,
la,
longue,
le,
tyran,
de,
lui,
-,
même,
et,
de,
la,
nature,
.,
"
",
Nos,
espérances,
sur,
l’,
état,
à,
venir,
de,
l’,
espèce,
humaine,
peuvent,
se,
réduire,
à,
ces,
trois,
points,
importants,
:,
la,
destruction,
de,
l’,
inégalité,
entre,
les,
nations;le,
progrès,
de,
l’,
égalité,
dans,
un,
même,
peuple;enfin,
",",
le,
perfectionnement,
réel,
de,
l’,MISC
homme1748,MISC
:,MISC
Voltaires,MISC
Zadig,MISC
",",
Montesquieus,PER
Esprit,PER
des,PER
lois,PER
",",
Diderots,ORG
Bijoux,
indiscrets,
",",
Mablys,ORG
Droit,
public,
de,
l’,
Europe,LOC
fondé,
sur,
les,
traités,
;,
1749,
:,
1,
.,
Band,PER
von,PER
Buffons,PER
Histoire,
naturelle,
",",
Condillacs,MISC
Traité,MISC
des,
systèmes;1751,MISC
:,MISC
Voltaires,MISC
Siècle,MISC
de,
Louis,PER
XIV,PER
usw,PER
.,
Ob,
beispielsweise,
Moreaus,PER
Pamphlete,PER
Premier,
mémoire,
sur,
les,
cacouacs,
und,
Nouveau,ORG
mémoire,ORG
pour,
servir,
à,
l’,
histoire,
des,
cacouacs,
von,
1757,
oder,
Palissots,MISC
satirische,
Komödie,
Les,
philosophes,
von,
1760,
den,
“,
philosophes,
”,
wirklich,
geschadet,
oder,
nicht,
eher,
genützt,
haben,
",",
bleibt,
zu,
fragen.3,
.,
Aspekte,PER
der,
Infrastruktur,
der,
"""",
République,LOC
des,LOC
Lettres,LOC
"""",
"
",
],
C’,MISC
est,
du,
caractère,
particulier,
",",
c’,
est,
du,
degré,
de,
lumières,
",",
c’,
est,
du,
caprice,
de,
quelques,
hommes,
",",
que,
dépend,
la,
permission,
de,
représenter,
une,
pièce,
de,
théâtre,
”,
),
und,MISC
die,MISC
Forderung,MISC
nach,
weitgehender,PER
Aufführungsfreiheit,PER
erhoben,PER
:,
"
",
Tout,
dépend,
donc,
",",
pour,
une,
nation,
",",
de,
la,
masse,
des,
lumières,
.,
Le,
gouvernement,
"
",
est,
donc,
coupable,
envers,
une,
nation,
",",
quand,
il,
gêne,
la,
publication,
de,
la,
pensée,
et,
de,
tout,
ce,
qui,
ne,
nuit,
point,
au,
droit,
des,
citoyens,
.,
Or,
",",
comme,
ce,
droit,
des,
citoyens,
est,
essentiellement,
égal,
pour,
tous,
",",
il,
est,
très,
-,
évident,
que,
les,
différentes,
manières,
5,
	,
de,
publier,
sa,
pensée,
",",
doivent,
être,
également,
libres,
.,
Il,
doit,
donc,
être,
permis,
de,
"
",
représenter,
ce,
qu’,
Il,
ne,
peut,
être,
nuisible,
de,
faire,
réciter,
ce,
qu’,
il,
est,
utile,
d’,
écrire,
.,
"
",
Die,MISC
Materie,MISC
“,
est,
véritablement,
la,
première,
cause,
de,
toutes,
choses”;D’,
Alembert,PER
konfrontiert,PER
im,
Discours,MISC
préliminaire,MISC
zur,MISC
Encyclopédie,
den,
aus,
der,
Empirie,
",",
der,
Beobachtung,
der,
Natur,
",",
resultierenden,
“,
esprit,
systématique,
”,
bzw,
.,
“,
esprit,
philosophique,
”,
mit,
dem,
spekulativen,
“,
esprit,
d’,
hypothèse,
”,
und,
dem,
dogmatischen,
“,
esprit,
de,
système,
”,
:,
"
",
1,
"
",
L’,
esprit,
d’,
hypothèse,
et,
de,
conjecture,
pouvait,
être,
autrefoisfort,
utile,
",",
et,
avait,
mêmeété,
nécessaire,
pour,
la,
renaissance,
de,
la,
philosophie;parce,
qu’,
alorsil,
s’,
agissait,
encore,
moins,
de,
bien,
penser,
",",
que,
d’,
apprendre,
à,
penser,
par,
soi,
-,
même,
.,
Mais,
les,
temps,
sont,
changés,
",",
et,
un,
écrivain,
qui,
ferait,
parmi,
nous,
l’,
éloge,
des,
systèmes,
viendrait,
trop,
tard,
[,
...,
],
L’,LOC
esprit,
de,
système,
est,
dans,
la,
physique,
ce,
que,
"
",
la,
métaphysique,
est,
dans,
la,
géométrie,
.,
’il,
est,
quelquefois,
nécessaire,
pour,
nous,
mettre,
dans,
le,
chemin,
de,
la,
vérité,
",",
il,
est,
presque,
toujours,
incapable,
de,
nous,
y,
conduire,
par,
lui,
-,
même,
.,
Éclairé,
par,
l’,
observation,
de,
la,
nature,
",",
il,
peut,
entrevoir,
les,
causes,
des,
phénomènes,
:,
mais,
c’,
est,
au,
calcul,
à,
assurerpour,
ainsi,
dire,
l’,
existence,
10,
	,
de,
ces,
causes,
",",
en,
déterminant,
exactement,
les,
effets,
qu’,
elles,
peuvent,
produire,
",",
et,
"
",
en,
comparant,
ces,
effets,
avec,
ceux,
que,
l’,
expérience,
nous,
découvre,
.,
"
",
So,
polemisiert,
auch,
D’,MISC
Alemberts,MISC
Schüler,MISC
Bougainville,MISC
",",
der,
Weltumsegler,MISC
in,MISC
des,MISC
Königs,MISC
Auftrag,MISC
",",
in,
seinem,
Reisebericht,MISC
Voyage,MISC
autour,MISC
du,MISC
monde,MISC
(,
1771,
),
gegen,
den,
deduktiven,
“,
esprit,
de,
système,
",",
si,
commun,
aujourd’hui,
",",
et,
cependant,
si,
peu,
compatible,
avec,
la,
vraie,
philosophie”,LOC
.,
Montesquieus,MISC
Milieu-,MISC
und,MISC
Klimatheorie,MISC
im,
Esprit,MISC
des,MISC
lois,MISC
(,
1748,
),
",",
die,PER
von,PER
Mme,PER
de,PER
Staël,PER
an,PER
der,PER
Wende,PER
zum,PER
19,PER
.,
Jahrhundert,MISC
in,MISC
De,MISC
la,MISC
littérature,MISC
considérée,
dans,
ses,
rapports,
avec,
les,
institutions,
sociales,
(,
1800,
),
und,
im,
Positivismus,MISC
weiterentwickelt,MISC
werden,MISC
wird,MISC
",",
basiert,
auf,
diesem,
Relativitätsdenken,
:,
Le,
sage,
doit,
être,
Cosmopolyte,PER
[,
...,
],
il,
ne,
doit,
avoir,
de,
patrie,
que,
là,
où,
régnent,
le,
bon,
sens,
et,
la,
raison,
",",
et,
de,
compatriotes,
",",
que,
ceux,
qui,
",",
comme,
lui,
",",
s’,MISC
attachent,
à,
la,
recherche,
du,
vrai,
”,
",",
steht,
1750,
im,
Mercure,LOC
de,LOC
France,LOC
zu,
lesen,
.,
Im,
Dictionnaire,MISC
philosophique,MISC
nennt,
er,
die,
Toleranz,
"""",
l',
apa,
-,
nage,
de,
l’,
humanité,
”,
und,
“,
le,
seul,
remède,
aux,
désordres,
du,
genre,
humain”,MISC
.,
Avec,
le,
beau,
système,
de,
la,
tolérance,
",",
la,LOC
France,LOC
serait,
devenue,
le,
refuge,
de,
tous,
les,
visionnaires,
et,
de,
tous,
les,
libertins,
de,
l’,
Univers,
",",
toujours,
prêts,
à,
s’,
y,
introduire,
.,
Nous,
serions,
réduits,
à,
tolérer,
l’,
athéisme,
",",
et,
à,
vivre,
en,
société,
avec,
des,
monstres,
...,
"
",
Für,
einen,
anderen,
Apologeten,ORG
sind,ORG
alle,
“,
philosophes,
”,
von,
Montesquieu,PER
bis,
Helvétius,PER
“,
la,
cause,
des,
calamités,
de,
la,
terre”,MISC
.,
Qu’,MISC
aurons,
-,
nous,
gagné,
à,
détruire,
l’,
aristocratie,
des,
nobles,
",",
si,
elle,
est,
remplacée,
par,
l',
aristocratie,
des,
riches?U,
n’,
y,
a,
personne,
qui,
ait,
plus,
d’,
admiration,
que,
j’,
en,
ai,
pour,
les,
ouvrages,
des,
"
",
Anciens,MISC
.,
J’,MISC
admire,
le,
dessein,
",",
l’,
économie,
",",
l’,
élévation,
de,
l’,
esprit,
",",
l’,
étendue,
de,
la,
connaissance,
",",
mais,
le,
changement,
de,
la,
religion,
",",
du,
gouvernement,
",",
des,
mœurs,
",",
des,
manières,
",",
en,
a,
fait,
un,
si,
grand,
dans,
le,
monde,
qu’,
il,
nous,
faut,
comme,
un,
"
",
5,
	,
nouvel,
art,
pour,
entrer,
dans,
le,
goût,
et,
dans,
le,
génie,
du,
siècle,
où,
nous,
sommes,
.,
"
",
Tout,
changement,
arrivé,
dans,
le,
gouvernement,
ou,
dans,
les,
mœurs,
d’,
un,
peuple,
doit,
nécessairement,
amener,
des,
révolutions,
dans,
son,
goût,
”,
",",
schreibt,
Helvétius,PER
(,
De,MISC
l’,MISC
Esprit,MISC
",",
1758).Und,
Voltaire,PER
:,
“,
Presque,
tous,
les,
ouvrages,
des,
hommes,
changent,
ainsi,
que,
l’,
imagination,
qui,
les,
produit,
.,
Les,
coutumes,
",",
les,
langues,
",",
le,
goût,
des,
peuples,
les,
plus,
voisins,
different;que,
dis,
-,
je,
",",
la,
même,
nation,
n’,
est,
plus,
reconnaissable,
au,
bout,
de,
trois,
ou,
quatre,
siècles,
.,
Dans,
les,
arts,
qui,
dépendent,
purement,
de,
l’,
imagination,
il,
y,
a,
autant,
de,
révolutions,
que,
dans,
les,
États;ils,MISC
changent,
en,
mille,
manières,
",",
tandis,
qu’,
on,
cherche,
à,
les,
fixer,
”,
(,
Essai,MISC
sur,MISC
la,MISC
poésieépique,MISC
",",
1728)Und,
:,
“,
la,
bonne,
imitation,
est,
une,
continuelle,
invention”,
.,
Génie,
naturel”Im,
Jahr,MISC
1740,MISC
schreibt,MISC
ein,
Kritiker,PER
:,
“,
L’,
ignorance,
et,
le,
mépris,
des,
lettres,
sont,
la,
véritable,
origine,
de,
la,
poésie”.marche,MISC
",",
regarde,
",",
écoute,
",",
observe,
",",
et,
ne,
crains,
rien,
”,
.,
"
",
Nihil,PER
est,
in,
intellectu,
",",
quod,
non,
prius,
fuit,
in,
sensu,
”,
",",
so,
lautet,LOC
der,LOC
Leitsatz,LOC
des,
"
",
Philosophen,PER
Locke,PER
",",
der,LOC
am,LOC
Ende,LOC
von,LOC
Voltaires,LOC
“,
conte,
philosophique,
”,
Micromégas,PER
als,
einziger,
abendländischer,
Philosoph,PER
Gnade,PER
vor,
des,
Satirikers,MISC
Spott,MISC
findet,
.,
Die,MISC
Literatur,MISC
“,
ouvre,
les,
trésors,
du,
cœur,
humain,
",",
féconde,
sa,
pitié,
",",
sa,
commisération,
",",
nous,
apprend,
à,
être,
honnête,
et,
vertueux,
”,
(,
Mercier,PER
",",
Du,MISC
théâtre,MISC
),
.,
],
sous,
des,
images,
touchantes,
et,
dans,
des,
situations,
à,
peu,
près,
semblables,
à,
celles,
qui,
se,
répètent,
tous,
les,
jours,
sur,
la,
scène,
ordinaire,
de,
la,
société,
”,
(,
De,
Bougainville,PER
",",
Discours,MISC
de,MISC
réception,MISC
à,
l',
Académie,ORG
française).ce,ORG
qui,
n’,
est,
pas,
clair,
",",
n’,
est,
pas,
français,
”,
),
",",
und,
diejenige,
der,
französischen,PER
Kultur,PER
sind,
unbestritten,
:,
“,
Jadis,PER
tout,
était,
romain,
",",
aujourd’hui,
tout,
est,
français,
”,
",",
schreibt,
1777,
der,
gebürtige,
Neapolitaner,
Caraccioli,
in,
seinem,
Buch,PER
L’,PER
Europe,PER
française,
.,
Während,PER
Voltaire,PER
zu,
den,
bekanntesten,
Verfechtern,
des,
Verses,MISC
gehört,
(,
“,
Un,
mérite,
de,
la,
poésie,
",",
dont,
bien,
des,
gens,
ne,
se,
doutent,
pas,
",",
c’,
est,
qu’,
elle,
dit,
plus,
que,
la,
prose,
",",
et,
en,
moins,
de,
paroles,
que,
la,
prose,
”,
",",
Artikel,MISC
“,
Poètes,
”,
des,
Dictionnaire,MISC
philosophique,MISC
von,MISC
1764,
),
",",
polemisiert,PER
der,PER
Abbé,PER
Trublet,PER
in,
De,
la,
poésie,
et,
des,
poètes,
von,
1760,
gegen,
die,
Verssprache,
:,
qu’,
un,
homme,
crève,
de,
jalousie,
ou,
meure,
de,
douleur,
",",
et,
que,
là,
-,
dessus,
",",
il,
se,
mette,
à,
faire,
cent,
vers,
",",
quoi,
de,
moins,
naturel”,LOC
.,
Dans,
l’,
âge,
heureux,
de,
la,
raison,
/,
On,MISC
n’,MISC
est,
plus,
rien,
que,
par,
la,
prose,
.,
On,
s’,
imagine,
que,
les,
fictions,
ingénieuses,
",",
les,
figures,
hardies,
",",
les,
images,
brillantes,
sont,
l’,
apanage,
des,
vers;que,
la,
prose,
n’,
a,
pas,
le,
même,
droit,
à,
ces,
richesses;préjugé,
le,
plus,
déraisonnable,
",",
et,
peut,
-,
être,
le,
plus,
universel,
qui,
ait,
jamais,
obsédé,
les,
gens,
de,
lettres,
...,
”,
",",
schreibt,
der,
Abbé,
de,
Pons,MISC
in,MISC
seiner,MISC
Dissertation,MISC
sur,
le,
poème,
épique,
von,
1738.où,
étaient,
plusieurs,
livres,
qui,
ne,
me,
parurent,
rien,
moins,
que,
volumineux”.l’,
amour,
du,
bien,
et,
du,
bon”,
.,
Les,
Romans,LOC
sont,
",",
chez,
toutes,
les,
Nations,MISC
",",
le,
miroir,
des,
passions,
",",
le,
tableau,
fidèle,
du,
cœur,
humain,
",",
renferment,
en,
outre,
la,
tradition,
précieuse,
des,
usages,
",",
du,
costume,
",",
de,
la,
manière,
de,
voir,
",",
de,
sentir,
",",
d’,
agir,
&,
de,
s’,
exprimer,
des,
temps,
dont,
ils,
parlent,
",",
ou,
",",
tout,
au,
moins,
",",
des,
temps,
où,
ils,
ont,
été,
écrits,
.,
"
",
Il,
est,
une,
sorte,
de,
roman,
bien,
cher,
au,
philosophe,
",",
c’,
est,
celui,
qui,
offre,
en,
idée,
le,
plan,
d’,
une,
félicité,
publique,
et,
nationale”,
.,
Seine,LOC
“,
grande,
idée,
morale,
mise,
en,
action,
et,
rendue,
dramatique,
”,
(,
Mme,PER
de,PER
Staël,PER
",",
Essai,MISC
sur,MISC
les,MISC
fictions,MISC
),
wird,MISC
zum,MISC
Vorbild,MISC
vor,
allem,
des,
sentimentalen,
",",
empfindsamen,
Romans,LOC
.,
La,
paysanne,
pervertie,
",",
1784).Das,
diesem,
Skandalerfolg,ORG
vorangestellte,ORG
Motto,LOC
aus,LOC
dem,LOC
Vorwort,LOC
von,
Rousseaus,
Nouvelle,
Héloïse,
(,
“,
J’,MISC
ai,
vu,
les,
mœurs,
de,
mon,
temps,
",",
&,
j’,
ai,
publié,
ces,
Lettres,MISC
”,MISC
),
entspricht,PER
Laclos,PER
’,
tatsächlicher,
Intention,
.,
"
",
Est,
-,
il,
donc,
vrai,
qu’,
on,
ne,
lit,
plus,
de,
Romans,LOC
",",
qu’,
on,
n’,
en,
lira,
plus,
",",
qu’,
on,
n’,
en,
doit,
"
",
plus,
lire?N’,
est,
-,
il,
donc,
pas,
encore,
permis,
de,
reposer,
sur,
des,
objets,
amusans,
l’,
attention,
que,
l’,
on,
doit,
aux,
affaires,
publiques?Les,MISC
ames,
tendres,
&,
sensiblespourront,
-,
elles,
pleurer,
que,
sur,
des,
malheurs,
réels?Leur,
interdira,
-,
t,
-,
on,
les,
larmes,
5,
	,
plus,
douces,
de,
la,
fiction,
qui,
les,
délassent?mœurs,
sont,
-,
elles,
devenues,
si,
"
",
séveres,
",",
qu’,
on,
en,
doive,
écarter,
tout,
ce,
qui,
ne,
sert,
pas,
immédiatement,
à,
l’,PER
instruction?Le,PER
rire,
enfin,
serait,
-,
ilunattribut,
de,
l’,
esclavage,
à,
jamais,
banni,
de,
la,LOC
France,LOC
par,
le,
retour,
de,
la,
Liberté,LOC
?,
"
",
Die,MISC
Terreur,MISC
aktiviert,
das,
Thema,
der,
“,
vertu,
persécutée”,LOC
.,
Dieses,MISC
Genre,MISC
"
",
1,
	,
devenait,
le,
fruit,
indispensable,
des,
secousses,
révolutionnaires,
",",
dont,
l’,ORG
Europe,ORG
"
",
entière,
se,
ressentait,
.,
Pour,
qui,
connaissait,
tous,
les,
malheurs,
dont,
les,
méchants,
peuvent,
accabler,
les,
hommes,
",",
le,
roman,
devenait,
aussi,
difficile,
à,
faire,
",",
que,
monotone,
à,
lire;il,
n’,
y,
avait,
point,
d’,
individu,
qui,
n’,
eût,
pluséprouvé,
d’,
infortunes,
",",
5,LOC
	,LOC
en,
quatre,
ou,
cinq,
ans,
",",
que,
n’,
en,
pouvait,
peindre,
en,
un,
siècle,
",",
le,
plus,
fameux,
"
",
romancier,
de,
la,
littérature;l’,
enfer,
à,
son,
secours,
...,
"
",
Allgemein,PER
"
",
Philippe,PER
Ariès,PER
/Georges,
Duby,PER
(,
Hrsg,MISC
.,
),
",",
Histoire,MISC
de,MISC
la,MISC
vie,MISC
privée,MISC
.,
De,
la,
Renaissance,MISC
aux,MISC
Lumières,MISC
",",
Paris,LOC
1985,
.,
"
",
Annie,PER
Becq,PER
",",
Genèse,MISC
de,
l’,
esthétique,
française,
moderne,
",",
1680,
-,
1814,
",",
Pisa,MISC
1984,MISC
.,
"
",
Paul,PER
Bénichou,PER
",",
Le,MISC
Sacre,MISC
de,MISC
l’,MISC
écrivain,MISC
",",
Essai,MISC
sur,MISC
l’,MISC
avènement,
d',
un,
pouvoir,
spirituel,
laïque,
dans,
la,LOC
France,LOC
moderne,
",",
Paris,LOC
1973,
.,
"
",
Georges,PER
Benrekassa,PER
",",
Le,MISC
Concentrique,MISC
et,MISC
l’,MISC
excentrique,MISC
.,
Marges,
des,
Lumières,MISC
",",
Paris,LOC
1980,
.,
"
",
Georges,PER
Benrekassa,PER
",",
La,MISC
Politique,MISC
et,
sa,
mémoire,
.,
Le,
Politique,MISC
et,MISC
l’,MISC
historique,
dans,
la,
pensée,
des,
Lumières,MISC
",",
Paris,LOC
1983,
.,
"
",
/,
Catherine,PER
Rubinger,PER
(,
Hrsg,MISC
.,
),
",",
Femmes,ORG
savantes,ORG
et,ORG
femmes,ORG
d’,ORG
esprit,ORG
.,
Jean,PER
-,
Claude,PER
Bourdin,PER
(,
Hrsg,MISC
.,
),
",",
Les,MISC
Matérialistes,MISC
au,MISC
XVIIIe,MISC
siècle,MISC
",",
Paris,LOC
1996,
.,
"
",
Fernand,PER
Braudel,PER
/,
Ernest,PER
Labrousse,PER
(,
Hrsg,MISC
.,
),
",",
Histoire,ORG
économique,ORG
et,ORG
sociale,ORG
de,ORG
la,ORG
France,ORG
",",
Bd,MISC
.,
2,
:,
Des,
derniers,
Temps,MISC
de,
l’,
âge,
seigneurial,
aux,
préludes,
de,
l’,
âge,
industriel,
(,
1660,
-,
1789,
),
",",
Paris,LOC
1970,
.,
"
",
Roger,PER
Chartier,PER
",",
Lectures,PER
et,
lecteurs,
de,
la,LOC
France,LOC
d’,
Ancien,
Régime,
",",
Paris,LOC
1987,
.,
"
",
Pierre,PER
Chaunu,PER
",",
La,MISC
Civilisation,MISC
de,MISC
l’,MISC
Europe,
des,
Lumières,MISC
",",
Paris,LOC
1971,
.,
"
",
Jacques,PER
Chouillet,PER
",",
L’,MISC
Esthétique,MISC
des,MISC
Lumières,MISC
",",
Paris,LOC
1974,
.,
"
",
Robert,PER
Darnton,PER
",",
Bohème,MISC
littéraire,MISC
et,
Révolution,MISC
:,MISC
le,
monde,
des,
livres,
au,
XVIIIe,
siècle,
",",
Paris,LOC
1983,
.,
"
",
Robert,PER
Darnton,PER
",",
La,MISC
Fin,MISC
des,MISC
Lumières,MISC
.,
Mesmérisme,
et,
Révolution,MISC
.,
Robert,PER
Darnton,PER
",",
Edition,MISC
et,
séditionl’,
univers,
de,
la,
littérature,
clandestine,
au,
XVIIIe,MISC
siècle,
",",
Paris,LOC
1991,
.,
"
",
Robert,PER
Darnton,PER
",",
L’,MISC
Aventure,MISC
de,
1’Encyclopédie,
(,
1775,
-,
1800).Un,
Best,MISC
-,
seller,
au,
siècle,
des,
Lumières,MISC
",",
Paris,LOC
1992,
.,
"
",
Michel,PER
Delon,PER
",",
L’,MISC
Idée,MISC
d’,
énergie,
au,
tournant,
des,
Lumières,MISC
(,
1770,
-,
1820,
),
",",
Paris,LOC
1988,
.,
"
",
Michel,PER
Delon,PER
/,
Pierre,PER
Malandain,PER
",",
Littérature,MISC
du,MISC
XVIIIe,MISC
siècle,MISC
",",
Paris,MISC
1996,MISC
.,
"
",
Jean,PER
Deprun,PER
",",
La,MISC
Philosophie,MISC
de,MISC
l’,MISC
inquiétude,MISC
en,
France,LOC
au,
XVIIIe,
siècle,
",",
Paris,LOC
1979.Dictionnaire,
européen,
des,
Lumières,MISC
",",
publié,
sous,
la,
direction,
de,
Michel,PER
Delon,PER
",",
Paris,LOC
1997.Béatrice,
Didier,LOC
",",
La,MISC
Littérature,MISC
de,MISC
la,MISC
Révolution,MISC
française,MISC
",",
Paris,MISC
1988,MISC
.,
"
",
Béatrice,PER
Didier,PER
",",
Histoire,MISC
de,MISC
la,MISC
littérature,MISC
française,MISC
du,MISC
XVIIIe,
siècle,
",",
Paris,LOC
1992,
.,
"
",
Jacques,PER
Domenech,PER
",",
L',MISC
Ethique,MISC
des,MISC
Lumières,MISC
.,
Les,MISC
Fondements,MISC
de,MISC
la,MISC
morale,MISC
dans,
la,
philosophie,
française,
du,
XVIIIe,MISC
siècle,
",",
Paris,LOC
1989,
.,
"
",
Michèle,PER
Duchet,PER
",",
Anthropologie,PER
et,
Histoire,MISC
au,MISC
siècle,
des,
Lumières,MISC
",",
Paris,LOC
1971,
.,
"
",
Jean,PER
Ehrard,PER
",",
L',MISC
Idée,MISC
de,MISC
nature,MISC
en,
France,LOC
dans,
la,
première,
moitié,
du,
XVIIIe,MISC
siècle,
",",
Paris,LOC
1963,
.,
"
",
Jean,PER
Fabre,PER
",",
Lumières,MISC
et,MISC
romantisme,MISC
.,
Energie,
et,
nostalgie,
de,
Rousseau,PER
à,
Mickiewicz,LOC
",",
Paris,LOC
1963,
.,
"
",
Arlette,PER
Farge,PER
",",
Dire,PER
et,
mal,
dire.publique,
au,
XVIIIe,MISC
siècle,
",",
Paris,LOC
1992,
.,
"
",
Roger,PER
Favre,PER
",",
La,MISC
Mort,MISC
au,MISC
siècle,MISC
des,MISC
Lumières,MISC
",",
Lyon,LOC
1978,
.,
"
",
François,PER
Furet,PER
/,
Mona,PER
Ozouf,PER
",",
Dictionnaire,MISC
critique,MISC
de,MISC
la,MISC
Révolution,MISC
française,MISC
",",
Paris,LOC
1988.Pierre,
Gascar,PER
",",
Les,MISC
Ecrivains,MISC
de,MISC
la,MISC
Révolution,MISC
",",
Paris,LOC
1989,
.,
"
",
Marcel,PER
Gauchet,PER
",",
La,MISC
Révolution,MISC
des,MISC
pouvoirs,MISC
",",
la,
souveraineté,
",",
le,
peuple,
et,
la,
représentation,
",",
1789,
-,
1799,
",",
Paris,LOC
1995,
.,
"
",
Pierre,PER
Goubert,PER
/,
Daniel,PER
Roche,PER
",",
Les,MISC
Français,MISC
et,
l,
',
Ancien,MISC
Régime,MISC
",",
Paris,LOC
1984,
.,
"
",
Jean,PER
-,
Marie,PER
Goulemot,PER
",",
Ces,MISC
Livres,MISC
qu’,
on,
ne,
lit,
que,
d’,
une,
main,
.,
Lecture,
et,
lecteurs,
de,
livres,
pornographiques,
au,
XVIIIe,MISC
siècleAix-en-Provence,MISC
1991,MISC
.,
"
",
Simone,
Goyard,
-,
Fabre,PER
",",
La,MISC
Philosophie,MISC
des,MISC
Lumières,MISC
",",
Paris,LOC
1972,
.,
"
",
Paul,PER
Hoffmann,PER
",",
La,MISC
Femme,MISC
dans,MISC
la,MISC
pensée,MISC
des,MISC
Lumières,MISC
",",
Paris,LOC
1977,
.,
"
",
Paul,PER
Hoffmann,PER
",",
Théories,LOC
et,
modèles,
de,
la,
liberté,
au,
XVIIIe,ORG
siècle,ORG
",",
Paris,LOC
1996,
.,
"
",
Paul,PER
Hazard,PER
",",
La,MISC
Crise,MISC
de,MISC
la,MISC
conscience,MISC
européenne,MISC
(,
1680,
-,
1715,
),
",",
Paris,LOC
1935,
.,
"
",
Paul,PER
Hazard,PER
",",
La,ORG
Pensée,ORG
européenne,ORG
au,
XVIIIe,
siècle,
de,
Montesquieu,PER
à,
Lessing,LOC
",",
Paris,LOC
1946,
.,
"
",
Caroline,PER
Jacot,PER
-,
Grappa,PER
",",
L’,MISC
Homme,MISC
dissonant,
au,
dix-huitième,
siècle,
",",
Oxford,MISC
1997,MISC
.,
"
",
Catherine,PER
Larrère,PER
",",
L’,MISC
Invention,MISC
de,
l’,
économie,
au,
XVIIIe,MISC
siècle,
",",
du,
droit,
naturel,
à,
la,
physiocratie,
",",
Paris,LOC
1992,
.,
"
",
Emmanuel,
Le,
Roy,
Ladurie,
",",
L’,MISC
Ancien,MISC
Régime,MISC
.,
De,
Louis,PER
XIII,PER
à,
Louis,PER
XV,PER
",",
1610,
-,
1770,
",",
Paris,LOC
1991,
.,
"
",
Didier,PER
Masseau,PER
",",
L',MISC
Invention,MISC
de,MISC
l’,MISC
intellectuel,
dans,
l’,MISC
Europe,MISC
du,
XVIIIe,
siècle,
",",
Paris,LOC
1994,
.,
"
",
Robert,PER
Mauzi,PER
",",
L‘Idée,MISC
du,MISC
bonheur,MISC
dans,
la,
littérature,
et,
la,
pensée,
françaises,
au,
XVIIIe,ORG
siècle,ORG
",",
Paris,LOC
1960,
.,
"
",
....,
Orléans,LOC
1994,
.,
"
",
Roland,PER
Mortier,PER
",",
Clartés,PER
et,
ombres,
du,
siècle,
des,
Lumières,MISC
",",
Genf,MISC
1969,MISC
.,
"
",
Roland,PER
Mortier,PER
",",
L',MISC
Originalité,MISC
.,
Une,
nouvelle,
Catégorie,MISC
esthétique,MISC
au,MISC
siècle,MISC
des,MISC
Lumières,MISC
",",
Genf,MISC
1982,MISC
.,
"
",
François,PER
Moureau,PER
",",
Le,MISC
Roman,MISC
vrai,MISC
de,MISC
l',MISC
Encyclopédie,MISC
",",
Paris,LOC
1990,
.,
"
",
Peter,PER
Nagy,PER
",",
Libertinage,PER
et,
Révolution,LOC
",",
Paris,LOC
1975,
.,
"
",
Le,
travail,
des,
censeursau,
XVIIIe,
siècle,
(,
1723,
-,
1774,
),
",",
Paris,LOC
1996,
.,
"
",
Vesna,
C.,
Petrovich,
",",
Connaissance,PER
et,
rêve(rie)dans,
le,
discours,
des,
Lumières,MISC
",",
New,LOC
York,LOC
et,
al,
.,
1996,
.,
"
",
René,PER
Pomeau,PER
",",
L',MISC
Europe,MISC
des,MISC
Lumières,MISC
",",
cosmopolitisme,
et,
unité,
européenne,
au,
XVIIIe,MISC
siècle,
",",
Paris,LOC
1966,
.,
"
",
Pierre,PER
Rétat,PER
",",
Le,MISC
Journalisme,MISC
d’,MISC
Ancien,MISC
Régime,MISC
",",
Lyon,MISC
1982,MISC
.,
"
",
Daniel,PER
Roche,PER
",",
Républicains,ORG
des,ORG
lettres,ORG
.,
Gens,
de,
culture,
et,
Lumières,MISC
au,MISC
XVIIIe,MISC
siècle,MISC
",",
Paris,MISC
1988,MISC
.,
"
",
Daniel,PER
Roche,PER
",",
La,LOC
France,LOC
des,LOC
Lumières,LOC
",",
Paris,LOC
1993,
.,
"
",
Jacques,PER
Roger,PER
",",
Les,MISC
Sciences,MISC
de,MISC
la,MISC
vie,MISC
dans,
la,
pensée,
française,
au,
XVIIIe,ORG
siècle,ORG
",",
Paris,LOC
1962,
.,
"
",
Romans,LOC
et,
Lumières,MISC
au,MISC
XVIIIe,MISC
siècle,
.,
Colloque,
sous,
la,
présidence,
de,
Werner,PER
Krauss,PER
",",
René,PER
Pomeau,PER
",",
Roger,PER
Garaudy,PER
",",
Jean,PER
Fabre,PER
",",
Paris,LOC
1970,
.,
"
",
Albert,PER
Soboul,PER
et,
al,
.,
",",
Le,MISC
Siècle,MISC
des,MISC
Lumières,MISC
",",
Paris,LOC
1977,
.,
"
",
Jean,PER
Starobinski,PER
",",
L',MISC
Invention,MISC
de,MISC
la,MISC
liberté,MISC
",",
1700,
-,
1789,
",",
Genf,MISC
1964,MISC
.,
"
",
Paul,
Van,
Tieghem,
",",
Le,MISC
Sentiment,MISC
de,MISC
la,MISC
nature,MISC
et,
le,
préromantisme,
européen,
",",
Paris,LOC
1960,
.,
"
",
Jean,PER
Weisgerber,PER
",",
Les,MISC
Masques,MISC
fragiles,MISC
.,
Esthétique,
et,
formes,
de,
la,
littérature,
rococo,
",",
Lausanne,MISC
1991,MISC
.,
"
",
2,
.,
Roman,PER
"
",
Lise,PER
Andriès,PER
",",
La,MISC
Bibliothèque,MISC
bleueau,MISC
XVIIIe,MISC
siècle,
.,
Une,
Tradition,ORG
éditoriale,ORG
",",
Oxford,LOC
1989,
.,
"
",
Florence,PER
Bancaud,PER
-,
Maënen,PER
",",
Le,MISC
Roman,MISC
d’,MISC
apprentissage,MISC
en,MISC
Europe,MISC
au,MISC
XVIIIe,
siècle,
",",
Paris,LOC
1998,
.,
"
",
FrançoiseBarguillet,ORG
",",
Le,MISC
Roman,MISC
français,MISC
au,MISC
XVIIIe,MISC
siècle,MISC
",",
Paris,MISC
1981,MISC
.,
"
",
Georges,PER
Benrekassa,PER
",",
Fables,PER
de,
la,
personne,
:,
pour,
une,
histoire,
de,
la,
subjectivité,
",",
Paris,LOC
1985.Colette,
Cazenobe,
",",
Le,MISC
Système,MISC
du,MISC
libertinage,MISC
de,MISC
Crébillon,MISC
à,
Laclos,LOC
",",
Oxford,LOC
1991,
.,
"
",
Jean,PER
-,
Louis,PER
Comille,PER
",",
L’,MISC
Amour,MISC
des,MISC
lettres,MISC
ou,
le,
contrat,
déchiré,
",",
Mannheim,MISC
1985,MISC
.,
"
",
Henri,PER
Coulet,PER
",",
Le,MISC
Roman,MISC
jusqu,MISC
’,MISC
à,MISC
la,MISC
Révolution,MISC
",",
Paris,MISC
1967,MISC
.,
"
",
Valérie,PER
van,PER
Crugten,PER
-,
André,PER
",",
Le,MISC
Roman,MISC
du,MISC
libertinage,MISC
",",
1782,
-,
1815.Redécouverte,
et,
réhabilitation,
",",
Paris,LOC
/Catherine,
Cusset,LOC
",",
Les,MISC
Romanciers,MISC
du,MISC
plaisirs,MISC
.,
René,PER
Démoris,PER
",",
Le,MISC
Roman,MISC
à,MISC
la,MISC
première,MISC
personne,MISC
.,
Du,
Classicisme,
aux,
Lumières,
",",
Paris,MISC
1975.Jean,MISC
Fabre,
",",
Idées,MISC
sur,MISC
les,MISC
romans,MISC
de,
Mme,PER
de,PER
La,PER
Fayette,PER
au,
marquis,PER
de,PER
Sade,PER
",",
Paris,LOC
1979,
.,
"
",
Pierre,PER
Hartmann,PER
",",
Le,MISC
Contrat,MISC
et,MISC
la,MISC
séduction,MISC
.,
Essai,
sur,
la,
subjectivité,
amoureuse,
dans,
le,
roman,
des,
Lumières,MISC
",",
Paris,LOC
1998,
.,
"
",
Jan,PER
Herman,PER
",",
Le,MISC
mensonge,MISC
romanesque,MISC
.,
Paramètres,
pour,
l’,
étude,
du,
roman,
épistolaire,
en,
France,LOC
",",
Amsterdam,LOC
/,
Leuven,LOC
1989,
.,
"
",
Marie,PER
-,
Hélène,PER
Huet,PER
",",
Le,MISC
Héros,MISC
et,
son,
double,
.,
Essai,
sur,
le,
roman,
d’,
ascension,
sociale,
au,
XVIIIe,MISC
siècle,MISC
",",
Paris,LOC
1975,
.,
"
",
Claire,PER
Jacquier,PER
",",
L',MISC
Erreur,MISC
des,MISC
désirs,MISC
.,
Romans,
sensibles,
au,
XVIIIe,MISC
siècle,
",",
Lausanne,LOC
1998,
.,
"
",
Henri,PER
Lafon,PER
",",
Espaces,MISC
romanesques,MISC
du,MISC
XVIIIe,MISC
siècle,MISC
",",
1670,
-,
1820,
",",
de,
Madame,PER
de,PER
Villedieu,PER
à,
Nodier,LOC
",",
Paris,LOC
1997,
.,
"
",
Philippe,PER
Laroche,PER
",",
Petits,MISC
-,MISC
Maîtres,MISC
et,
roués,
:,
évolution,
de,
la,
notion,
de,
libertinage,
dans,
le,
roman,
français,
du,
XVIIIe,MISC
siècle,
",",
Québec,LOC
1979,
.,
"
",
Georges,PER
May,PER
",",
Le,MISC
Dilemme,MISC
du,MISC
roman,MISC
au,MISC
XVIIIe,MISC
siècle,MISC
",",
New,LOC
Haven,LOC
/Jean,
Rousset,PER
",",
Narcisse,PER
romancier,
",",
Paris,LOC
1973,
.,
"
",
Jacques,PER
Rustin,PER
",",
Le,MISC
Vice,MISC
à,MISC
la,MISC
mode,MISC
.,
Etude,
sur,
le,
roman,
français,
du,
XVIIIe,MISC
siècle,MISC
de,
',
Manon,MISC
Lescaut,MISC
’,
à,
l’,
apparition,
de,
‘,
La,ORG
Nouvelle,ORG
Héloïse,ORG
’,ORG
(,
1731,
-,
1761,
),
",",
Paris,LOC
1979,
.,
"
",
Jean,PER
-,
Paul,PER
Sermain,PER
",",
Rhétorique,MISC
et,MISC
roman,MISC
au,
XVIIIe,MISC
siècle,
.,
Philip,PER
Stewart,PER
",",
Le,MISC
Masque,MISC
et,MISC
la,MISC
parole,MISC
.,
Le,
Langage,MISC
de,MISC
l’,MISC
amour,
au,
XVIIIe,MISC
siècle,
",",
Paris,LOC
1973,
.,
"
",
Pierre,PER
Trahard,PER
",",
Les,MISC
Maîtres,MISC
de,MISC
la,MISC
sensibilité,MISC
au,
XVIIIe,MISC
siècle,MISC
",",
Paris,LOC
1931,
-,
1933,
.,
"
",
Laurent,PER
Versini,PER
",",
Le,MISC
Roman,MISC
épistolaire,MISC
",",
Paris,MISC
1979,MISC
.,
