10;
18;
    ..aventures galantes d’une fille d’artisans adoptée par une marquise.;
    ’au sein des rochers arides de la S..... llylas;
    3e personne;
    3e personne avec récits intercalés Ire personne;
    3e personne avec récits Ire personne;
    3e personne et dialogues;
    61-96;
    A thénes:;
    Abyssinie;
    action allégorique;
    Adélaïde;
    Adèle. Sophie;
    Allemagne; Imlac; Nekayah; Pekuah;
    Amande;
    Amélie; le chevalier de Valbus;
    Amerina;
    Amérique;
    amours impossibles; Castillo;
    amours malheureuses;
    amours malheureuses d’un berger; la Fée Dissimulée;
    amours pastorales;
    Amsterdam M. Durdof;
    Angleterre;
    après avoir eu trois amants;
    Archambaud;
    Aristide;
    Athènes; Mlle Pinwrok:;
    autobiographie romancée.;
    aventures;
    aventures galantes avec épisodes scabreux.;
    aventures galantes d’un fat; Emma;
    aventures galantes d’un jeune homme.; Lyco-mède;
    aventures galantes d’une prostituée;
    aventures libertines;
    aventures libertines.;
    aventures libertines: précisions pornographiques;
    aventures merveilleuses;
    aventures merveilleuses.;
    aventures militaires et romanesques;
    aventures romanesques;
    aventures romanesques d’une enfant trouvée qui fait son chemin dans le monde;
    aventures romanesques et sentimentales;
    aventures romanesques et sombres de deux frères.;
    aventures romanesques.;
    aventures sentimentales d’une jeune fille de naissance obscure;
    aventures sentimentales et militaires.;
    aventures sentimentales et romanesques.;
    Belleval;
    Berlin;
    Cadre 3e personne avec beaucoup de dialogues et récit principal Ire personne;
    cadre fantaisiste; terreur;
    Cadre Ire personne;
    cadre oriental;
    cadre pastoral;
    cadre turc pseudo-historique;
    chevalier de Solange;
    Clifort;
    considérations politiques.;
    continent des fées et des génies;
    correspondance entre un oncle et son neveu;
    correspondance lubrique;
    correspondance sentimentale.;
    cour;
    couvent:;
    deux époux;
    épreuve d’amour;
    Erance;
    Fatime. Minette; marquis de Gentilly; Zélie; Rosa;
    fille persécutée;
    France;
    Fréréric II;
    Gottesman;
    Grèce antique;
    Guillelmine;
    histoires d’amour; Faramond:;
    histoires de famille;
    Hollande;
    I-II;
    Inquisiteurs;
    intentions édifiantes.;
    intrigue sentimentale;
    intrigue sentimentale tournant autour du double thème de l’amour dans le mariage et du divorce;
    intrigues de cour;
    intrigues domestiques mais romanesques;
    intrigues politiques;
    intrigues romanesques et sentimentales;
    intrigues sentimentales; le comte de Bridgend;
    Ire personne;
    Ire personne avec un court récit intercalé Ire personne;
    Ire personne avec un récit intercalé Ire personne;
    Ire personne:;
    Italie;
    jeunes amours et débuts dans le monde;
    la Bourbonnoise;
    la Comtesse;
    la marquise d’Arbois;
    la princesse;
    la rivière de Rio-Formo zo et le Cap Lagos; éléments merveilleux;
    lady B***;
    Languedoc;
    le baron de Lichtfield;
    le chevalier d’Arcy;
    le chevalier de B***;
    le comte d’Oliva;
    le comte d’Umby;
    le Mont-Jura;
    le président de Bouelles;
    le sylphe Zelomasis;
    leçons de tactique entremêlées d’anecdotes scabreuses.;
    Lettres;
    Lettres et réflexions; le comte de ***. . . ;
    Londres;
    Louise; Monsieur de B;
    Lyon;
    M. C**. Maman;
    M. Céliot;
    M. du Resnel; madame G....; Mr. de T:::;;
    M. Worthy; Lindorf;
    Mahacank; dom Mathéo;
    Mahulem;
    malheurs; La Charité; la Fermeté; ...;
    malheurs d’une famille;
    Marguerite; le comte de V***; Emilie de S***; le comte de W***; le comte de Verteull; M. de Bussière; Malmore: malheurs;
    Maria de Vellorno; Mme de Charmes;
    Marthe;
    Milan:;
    Mlle de Meru;
    Mme D**;
    moralisatrices. Selvile: 3e personne;
    Nanette;
    Néoclès; M. de S...;
    Neustrie;
    Paris;
    peinture des moeurs; monsieur Patu;
    peinture des moeurs.; le duc de Rosmond; la baronne de Vordac;;
    Pérégrinus;
    Pp. 3-60; Théodose;
    prétentions moralisatrices.;
    prose poétique.;
    Provence;
    province;
    Prusse; madame de Menon;
    Raymon;
    récit coupé en ’mois’.;
    réflexions philosophiques;
    Reims;
    roman noir.;
    royaume de Benni;
    satirique. 175-282. L’éducation à la mode ou l’instituteur du temps; Parthémise; Parthère; le prince Arons:;
    Selvile;
    Sennemours;
    sensibilité;
    sensibilité effrénée;
    sensibilité effrénée.;
    sensibilité effrénée.79.27; Hégésias;
    sensibilité larmoyante;
    sensibilité larmoyante.;
    sensibilité.;
    Sicile; Hollande;
    sir et lady Clifton;
    sir William Fairborn;
    sœur Christine;
    Sophie Colberg; Delboishun;
    style épique.;
    suite de morceaux divers;
    tendances réalistes.;
    thèmes philosophiques;
    Thérèse;
    Thésandre;
    Thomas; Lorimon;
    ton; d’Ablimont;
    ton moralisateur.;
    ton satirique.;
    ton sentimental.;
    un gentilhomme de province;
    un jeune Hollandais;
    Vera-Cruz;
    Vérité;
    vertu;
    vie allégorique d’un saint personnage;
    visions;
    voyages;
    voyages et aventures d’un jeune homme;
    voyages imaginaires: réflexions philosophiques de toutes sortes.;
    voyages. L’imprudence... : France;
    Walmingue;
   0 donne l’adresse; sir Everard;
   3c personne:; Amélie Thompson; Jérémie Twister;...;
   3e personne; Etienne;
   A; Mr. Dambrun:;
   A la manière des Lettres persanes de Montesquieu.;
   Alan l’itz-Osborne;
   allégorie de la vie religieuse;
   Amérique;
   amours contrariées;
   amours contrariées par un père riche et sans cœur; Zilia;
   analyse psychologique.;
   Angleterre;
   Angleterre. Ecosse;
   Angleterre. Italie;
   Arthur;
   Asie centrale;
   aventures;
   aventures de jeunesse;
   aventures et voyages des comédiens;
   aventures galantes;
   aventures mondaines et galantes;
   aventures politiques et militaires;
   aventures romanesques;
   aventures romanesques et extraordinaires;
   aventures romanesques pendant la Révolution française;
   Bagdaël;
   biographie romancée; lord Kilmar;
   Bohême;
   cadre oriental fantaisiste;
   cadre pastoral grec; intervention du narrateur;
   cadre pseudooriental;
   Cadre romanesque: un groupe d’amis prennent les eaux à Passy;
   Cécile Volanges;
   Cerfvol;
   Circassie;
   critique des moeurs.;
   Delphire;
   Déricourt;
   description d’une société de personnages originaux; lord Pembroke;
   Dinville;
   discussions morales.;
   Domerval;
   Dorriforth. madame Horton;
   Emilie;
   Ferdinand Fathom;
   Florbelle;
   France;
   Girac;
   Grâce. Eulalie;
   Grèce;
   guerres et vengeance;
   Henriette de Belval;
   I;
   Indes;
   intentions édifiantes.;
   intentions moralisatrices.;
   intrigue mondaine;
   intrigue sentimentale;
   intrigue sentimentale avec scènes voluptueuses;
   intrigue sentimentale.;
   intrigues de cour;
   intrigues libertines;
   intrigues mondaines;
   intrigues mondaines et de famille; Talemik;
   intrigues politiques et amoureuses;
   intrigues sentimentales;
   Ire personne;
   Italie;
   Jacques;
   Jamaïque;
   Julie; la présidente Tourvel;
   lady Mortimer;
   Laure;
   le Chevalier;
   Leonora Grimaldi;
   les amours champêtres du neveu d’un prince qui veut renoncer à son rang par amour; Julie;
   les Isles;
   les malheurs d’une orpheline; Emilie;
   Lettres;
   lord Bomston; Montal-mant; Fréminville;;
   lord Souab; M. Sandford;
   Lycidas; Saint-Victor; Valinval;;
   M. Chancel-ley; Thérèse;
   M. de S. Pierre; Joséphine; Adèle d’Ormoy;;
   M. Guillaume;
   malheurs;
   Michel-Ange;
   milady Walfield;
   Mirano; Mazulem; Ibrahim;;
   mistriss Oliver; la Pureté d’Jntention;
   Monsorin;
   Orancia;
   ouvrage à clef?; le Chevalier; Sophie de Monjul; le baron de Luzi;
   Paris;20; Le voyageur ingénieux; 21. Le nouveau Samson; 22. A quelque chose malheur est bon;24; Le comédien reconnaissant;30; Imitation d’un fabliau du XlVe siècle: 34; Hacho. tradition lapponne;42; Anecdote concernant Henri IV;59; Moralité traduite librement de l’anglois;64; Exemple singulier de justice turque;70; Il ne faut désespérer de rien; 84. Le généreux cardinal;90; L’amour et la jalousie; conte à la grecque;101; Tout à son terme & même le malheur; historiette angloise;124; L’orgueilleux corrigé; traduction libre de Tanglois;135; Grâces au Mercure de France; historiette;151; Abdallah et Balsora; conte oriental tiré d’un manuscrit persan;168; Il y a des loix dangereuses; anecdote historique;186; A quelque chose malheur est bon; historiette angloise. II;3; Les souhaits punis; conte arabe;45; Combien il est dangereux de mentir; nouvelle angloise;72; li ne faut jurer de rien; nouvelle angloise df espagnole;100; Les deux nièces et les quatre cousins; historiette bourgeoise;138; L’inconnue; nouvelle angloise;198; Ibrahim et Gémille; anecdote turque. IU. aucun morceau se rapportant au genre romanesque.
   Paris. Guillaume.; 102-168; Histoire de M. de Vervinde; première partie; 171-186; Des revenons; 187-253; Histoire de M. de Vervinde; seconde partie; 284-347; Histoire de M. de Vervinde; troisième partie: H; 1-138; Histoire de M. de Berinville. première; seconde parties; 139-178; Lettres du comte de R*** à madame la présidente; 201-270; Histoire de M. de Berinville; troisième partie; 299-358; Histoire de M. Duplessis; première partie; 375-396; Histoire de M. Duplessis; seconde partie; 435-457; Les lettres trouvées; 457-510; Histoire de M. Duplessis; troisième partie; IU; 1-25; Nouvelle; ils s’aiment; ils sont heureux; 26-86; Histoire de mademoiselle de Primeval; première partie; 102-163; Histoire de mademoiselle de Primeval; seconde partie; 177-232; Histoire de mademoiselle de Primeval; troisième partie; 236-255; Conte; heureux les époux qui ne s’aiment point; première partie; 258-308; Histoire de mademoiselle de Primeval; quatrième partie; 309-322; Conte; heureux les époux qui ne s’aiment point; seconde partie; 329-402; Histoire de M. Bontal.
   Perse;
   province;
   récit comique d’un homme qui contredit toujours son interlocuteur;
   Récit facétieux parsemé de calembours: ’Je suis né dans la ville de Mons & merveille;
   Selim;
   Senneval;
   sensibilité;
   sensibilité effrénée;
   sensibilité effrénée.;
   sensibilité.;
   Sérano;
   Sicile;
   Sophie;
   style poétique.;
   Tam-zy;
   thèmes politiques.;
   ton élevé;
   ton gai;
   ton léger.;
   ton satirique; voyage; aventures bouffonnes; galantes; romanesques; thèmes philosophiques; mise en cause des techniques du romancier.;
   ton satirique.;
   ton sombre;
   Traffick; Célestine; lord Ossory. lord Molyneux;;
   Turquie; Saintval; Surville; le chevalier d’Osigni;
   u milieu de lettres; M. de Saint-Val; Persac;;
   une guinée passe de main en main et les secrets de chaque personnage sont dévoilés; Camille; Florelli;;
   Usbeck;
   Usong; France; Angleterre;;
   vertu;
   voyages;
   voyages et aventures romanesques;
   Ynkle;
   Zelucco;
  1 re personne et beaucoup de narration à la 3e personne;
  3e personne; Alicie;
  3e personne avec récits intercalés Ire personne; S. Hilaire;
  A la manière des Lettres persanes.;
  allégories;
  Allemagne;
  Alsace;
  Amérique; madame Kinston;
  amours burlesques d’un philosophe; Sidney;
  amours contrariées;
  amours malheureuses; M. de Villermont;
  Amusement curieux et divertissant propre à égayer l’esprit ou fleurs de bons mots; Fanno; dom Pedro;;
  anecdote galante;
  Angleterre;
  Ariste;
  Asie mineure;
  Auvergne;
  aventures;
  aventures chevaleresques;
  aventures d’un escroc;
  aventures d’un homme qui cherche l’épouse parfaite...;
  aventures d’un mendiant aveugle; Melitra; 7.ulbé; Mehemed;
  aventures et intrigues romanesques;
  aventures galantes d’un jeune homme qui fait son chemin; M. le Blanc; Julie;;
  aventures galantes d’un jeune homme.;
  aventures galantes d’une prostituée.;
  aventures galantes et sentimentales d’une jeune fille de petite naissance recueillie par des bienfaiteurs;
  aventures guerrières;
  aventures libertines.;
  aventures militaires et révolutionnaires.;
  aventures picaresques; le prince de ***;
  aventures romanesques;...;
  aventures romanesques et allégoriques;
  aventures romanesques pour montrer la mauvaise influence du théâtre;
  aventures sentimentales et militaires:;
  Benoit Cuvillier; Amitis;
  Boiogna;
  but moralisateur;
  but moralisateur.;
  Cadre 3e personne;
  cadre champêtre;
  cadre exotique.;
  cadre fantaisiste: Etats de Parasophie;
  Cadre Ire personne;
  Callisthène;
  Camille; il se trouve de petits contes en prose et de très courtes anecdotes:;
  campagnes militaires;
  Candide; Lucinde;
  Caroline; George Castriot;
  Cidalise;
  Clairval;
  conseils d’un philosophe à un jeune homme qui cherche le bonheur;
  Constantin IV;
  Constantinople;
  conte allégorique;
  correspondance entre un époux mort et son épouse vivante;
  cour;...;
  courts songes moraux;
  critique des moeurs.;
  de Minorque;
  de R.;
  deux amis observent les gens qui passent et font des portraits de personnages typiques;
  Deux contes de fées;
  Dialogue entre une mère et sa fille;
  dom Léon;
  don Alvaro d’Estramadure;
  Doraste;
  Doraste s’initie à la vie mondaine de Paris;
  douceur de la vie campagnarde;
  édifiantes. Le t. Il comporte des Lettres spirituelles de la mère Angélique;
  Edouard Dashwood;
  éléments merveilleux.;
  éléments pseudo-historiques.;
  Éléonore; le tout sans obscénité; afin que les personnes de tout état puissent en faire leurs récréations; recueilli par D****; jadis imprimeur de l’escadre du Roi à l’expédition;;
  Emilie;
  En marge: 3e personne;
  En marge: Ire personne;
  En marge: le voyage de Vasco de Gaina traité en poème épique: voyages: Portugal;
  épopée burlesque.;
  Espagne;
  etc.;
  Euménie;
  fantastique;
  Floricourt;
  Foi;
  France;
  Frédéric Lioncel. Philippe Durand;
  Gaule;
  goût pour l’ancienne littérature.;
  Grèce;
  guerre entre deux villes;
  Hylaire;
  Hylas;
  Il 87;
  île de Lesbos;
  Indes;
  intentions;
  intentions didactiques.;
  intentions moralisatrices;
  intentions moralisatrices.;
  intrigue amoureuse;
  intrigue mondaine;
  intrigue mondaine.;
  intrigue sentimentale;
  intrigues mondaines et galantes;
  intrigues sentimentales;
  intrigues sentimentales à la cour de Childéric;
  intrigues sentimentales.;
  Ire personne;
  Isambard;
  Italie;
  Joseph Fliquet;
  Julie;
  Justine d’Arency;
  Kerfadek;
  L. Julieri; Camille:;
  l’auteur se propose de décourager les paysans d’émigrer;
  la carrière d’une religieuse exemplaire. Angélique de Hornezden; malheurs;
  la féroce madame Lescombat pousse le sensible Mongeot à tuer son mari.; Zénoide;
  la reine Elisabeth;
  la reine Priapélotis; Lisette;
  Lali; Saint-Germain; d’Herbigni; Germeuil; Sophie;;
  le baron de ***;
  le chevalier de Monfort; Emilie; la Sultane; Donhilda; Ida; Hubert;;
  le chevalier de Murcy;
  le chevalier de Nanlo;
  le chevalier Drake;
  le comte d’Orsainville;
  le comte de C.;
  Le jeune-homme sensé;
  le marquis de ***;
  le prince est rendu plus sage par l’adversité;
  le prince Gigi;
  Le titre de départ est: Camille et Agathe ou les amours du bon vieux;
  le valet de Voltaire raconte les dernières heures de son maître;
  les aventures et voyages d’une prostituée;
  les aventures galantes d’un jeune homme à Paris; Mme de Lory; Mélanie;;
  les malheurs d’un jeune homme passionné; Moraza; don Pedro; Osmon;
  Lettres;
  Lettres et 3e personne; Philoprade; le père Sophiaste;;
  Lettres:;
  Londres;
  lrc personne; Barbe;
  lsoire;
  Lyon;
  M**; Latour; Dona Lucinde;;
  M.; La Fleur; Tronqueville;;
  M. d’Erigny;
  M. de l’Orme;
  M. de Nerval;
  M. de Saint-Julien et sa femme;
  M. et Madame Bamwell; chez tes Hottentots; del Rio; Inigo; Isabelle; dom Gusman;;
  M. Hogard;
  M. Provence; Gondamir;
  M. Vilmorin;
  madame d’Orneville;
  Madeire;
  mademoiselle de Tourville;
  malheurs d’un jeune homme;
  malheurs d’une jeune fille;
  Manza;
  mélancolie;
  Mlle de ***;
  Mlle de Terre-Neuve;
  Moll Flanders;
  mon ami Constant;
  Montrose;
  Moyen-Orient;
  mylord Théobald Leymour;
  nature;
  naufrage; Zulmis; Acis;;
  Otaries Price; 30 vent. Vil Lettres; province;;
  Pané-phore; Memphis;
  Paris; France;
  pastiche du conte de Voltaire.;
  pays imaginaires;
  Périon de Gaule. Alquife;
  Perret Baldensperger cite l’ouvrage comme une imitation de Werther. Il y a des exemplaires où la mention;
  Petites anecdotes morales;
  Phoerès;
  Pp. 1-67;
  Pp. 25-135;
  prétentions moralisatrices;
  prose poétique.;
  province;
  re personne avec récits intercalés;
  romanesques. H;
  Rosette;
  Saint-Domingue;
  Saint-Malo. Antilles;
  Saragosse;
  Schell;
  Sémillante;
  sensibilité;
  sensibilité effrénée;
  sensibilité effrenée.; Ogier le Danois;
  sensibilité effrénée.; Thibet; France-Australe;;
  sensibilité effrénée.76.40; Bonnin;
  sensibilité passionnée; Ninette; Zinga;;
  sensibilité.;
  série décousue de réflexions et d’anecdotes sensibles; Pangrapho; Vander-Grosman;;
  Sicile; Sermann; madame Duvergey; M. Briancé; Lerval;;
  sir Georges Berrel;
  sir Redall. Mr. Simons;
  style poétique;
  tems. Lettres; apparitions des ’beautés trépassées’ telles que Mariamne; Hélène; Cléopâtre;
  tendances réalistes.;
  thèmes philosophiques; Sinval; le Missionnaire;;
  thèmes philosophiques.;
  Théodon;
  Théodore;
  Thessalie; le chevalier de Serfet; sœur Ursule;;
  Tom Bouling; Lilie;
  ton ironique.; le chevalier de Kermadeuc;
  ton léger.; Léonce; Théodora;;
  ton libre.;
  ton moralisateur.;
  ton plaisant.;
  ton satirique.;
  ton satirique. A la manière du Candide de Voltaire.;
  ton satirique. Parodie du Bélisaire de Marmontel;
  ton sensible;
  ton sentimental et moralisateur.;
  ton sombre.;
  Totimbohu;
  un fils de parents riches sombre dans le crime car son éducation morale a été négligée fvoyages;
  un père;
  un roi choisit un précepteur pour son fils.;
  une femme qui trompe son mari; Virginie;
  Victorin;
  vie d’une famille réfugiée en province à la suite de la Révolution;
  vie et entretiens de deux orphelines et de la parente qui les élève;
  Vinsnaire;
  voayges;
  voyages;
  voyages en mer; Zelincourt;
  voyages et aventures de route; le comte de Walmont;
  voyages imaginaires; Anna; le marquis de Briante;;
  Zator; Elise; Milwood;...;
  Zulmie Warthei. d’Ulny;
 ‘Yverdon;
 106-122; madame Plumant;
 3e personne;
 3e personne avec des lettres; Adélaïde; M. de Landerson. madame de Valcy;;
 3e personne:; Colombo;
 50-65; le chevalier de Marillac;
 9-73;
 A ngle terre; intentions moralisatrices.;
 Abarendal;
 abrégé de l’histoire de France;
 Achem; Mlle de Ste.;
 adaptées surtout d’auteurs allemands; Mlle de Pellevey; la duchesse de Bellisan;;
 Adelaide;
 Adélaide; Robert; Isidore;...;
 Adèle;
 Adèle. Licidas;
 Admete; Emilie; mylady Dorset; mistriss Ringleader;
 Adolphe;
 Afrique;
 Agathe;
 Aglaè;
 Aglaure;
 Aille de Rosières;
 Al. de Samarandes;
 Alcidor;
 Alexandre;
 Alexis; Gricilerie;
 Alger;
 Algonde;
 Alicibiade;
 Alix;
 allégorie. On trouve; 140-163; Jeannette.;;
 Allemagne;
 Alphonse;
 Alradin Bisouf Titza;
 Amélie;
 Amérique;
 Amérique du Sud; Russie;
 amours;
 amours contrariées;
 amours contrariées par les préjugés d’un père;
 Amsterdam; nouvelle angloise; 158-173; Osmed et Kali ou les amis comme on n’en voit point; nouvelle orientale.;;
 Anacharsis; le marquis de V...;
 analyse de l’amour.;
 Andronica;
 Angélina;
 Angélique; Amélie de Brigt;
 Angleterre;
 Angriote;
 Anna;
 Antoine Bernard;
 arrière-plan historique et philosophique.;
 Aspasie;
 Athènes;
 avec de longs récits intercalés Ire personne;
 avec des lettres;
 avec des récits intercalés Ire personne;
 avec dialogues;
 avec éléments narratifs;
 avec épisodes orientaux;
 avec histoires intercalées Ire personne;
 avec récit intercalé;
 avec récit intercalé Ire personne;
 avec récit principal 3e personne; Angleterre; Gaule;;
 avec récit principal Ire personne; mistriss Sheffield;
 avec récits intercalés 1re personne;
 avec récits intercalés Ire personne;
 avec récits Ire personne;
 avec un conte de fées oriental intercalé;
 avec un conte intercalé;
 avec un large emploi des dialogues et quelques lettres;
 avec un long récit intercalé 3e personne;
 avec un long récit Ire personne;
 avec un récit intercalé Ire personne;
 aventures;
 aventures chevaleresques;
 aventures chevaleresques et guerrières;
 aventures coloniales;
 aventures comiques;
 aventures d’un jeune homme qui dit toujours la vérité;
 aventures de deux amoureux villageois;
 aventures de route;
 aventures extraordinaires;
 aventures galantes;
 aventures galantes et merveilleuses;
 aventures guerrières;
 aventures guerrières et sentimentales; d’AIembert;
 aventures merveilleuses;
 aventures merveilleuses et légèrement scabreuses;
 aventures merveilleuses et romanesques;
 aventures merveilleuses.;
 aventures militaires;
 aventures mystérieuses;
 aventures recherche du bonheur;
 aventures romanesques;
 aventures romanesques et galantes;
 aventures romanesques et galantes d’un jeune homme;
 aventures romanesques et galantes.;
 aventures romanesques.; théories pseudoscientifiques; critique des moeurs.;;
 Barasine; combats;
 Bath;
 Batilde;
 Batlios;
 Bazine;
 Bellactinc;
 bienfaisance;
 biographie romancée.;
 Birk;
 Boissadek;
 Brick Bolding;
 Bristol;
 but moralisateur.;
 Cadichon;
 cadre fantaisiste;
 cadre grec:; Périclès;
 cadre oriental fantaisiste;
 Caleb;
 Calippe;
 Calmis;
 Canaries;
 Candidamentor;
 Cap de Bonne Espérance;
 Caroline;
 ce qui fait que je suis étranger à la chose’. Cf. d’autres ouvrages dans le même style: Histoire de Camouflet;
 Celonte;
 celui-ci ne se repent d’aucune de ses actions;
 Céphise;
 ces personnages discutent les histoires qu’on raconte.;
 çg 47 malheurs.;
 chansons. Pp.l-80;
 Charles Dolsey;
 Charles Mortlake;
 Charsis;
 Chimerandre;
 Christine; imitations d’Ossian; thèmes philosophiques; intentions didactiques; tendances réalistes.;;
 Cifredi;
 Clairfons;
 Clément VII;
 Cléon; le capitaine Balthazar; M. Pecuni;;
 Cléopâtre;
 Clisthène;
 Cloris;
 Congrelino; Aglaé;
 Constance; quatrième conte du sage Caleb; 66-91; Cinquième récit de Caleb; voyageur persan; avec des morceaux en vers et une pièce de théâtre.;;
 Constantinople;
 conte;
 Conte moral;
 conte moral. 22 pages non-numérotées: Le déjeuner de M. Antoine Bernard; le citoyen Germeuil; la citoyenne Discenteuil; Hippolite;
 contes à rire;
 contes en vers;
 Copenhague;
 Coriolan;
 Cornélie;
 correspondance sentimentale et philosophique. II; Grande-Bretagne;...;;
 couleur locale musulmane.; l’honorable mistriss Dormer; lady Charlotte S...; sir George Revel;
 couleur locale.; Alexandre-le-Grand; A tosse;;
 critique de la noblesse.; Lionel Desmond; M. Bethel; miss Fairfax; Montfleuri;;
 critique des moeurs;
 critique des moeurs et des institutions; campagnes militaires.;
 critique des moeurs et des institutions.;
 critiques de personnalités connues;
 Cromwell;
 Cruzamante;
 Cuba;
 Cynthie;
 Cythère;
 d’Estival; une clef des personnages;
 Daminville;
 de chansons;
 de l’imprimerie Soc. litt. & typ.’ manque sur la page de titre;
 de poèmes;
 Denk;
 Derville;
 description des moeurs de différents pays;
 désespoir.;
 Dessembrai; Milcourt; le comte d’Alibre;;
 détails historiques; Micopac; Farugma; Zarisca;
 Devaux;
 Devilliers; ...;
 Dialogue entre Marguerite et le successeur de Dubois.; Marguerite Dornbusch; Anne-Catherine;;
 discours moraux;
 discussions édifiantes;
 discussions philosophiques;
 discussions sur l’organisation de l’Etat.;
 dissertation sur Vile de Saint-Domingue;
 divers voyages;
 Domancourt; Marseille; Naples;...;
 domestique; Miss Burt; ladi Frances;;
 don Lopès; madame la baronne; Nérine;;
 don Ximenès de Riera;
 Dondanuck; Abdala; Daroo; la fée Mitonmitaine;
 dont des récits;
 dont l’une enlève un seau à l’autre; Derly; Jerwik:;;
 dont les amours sont tumultueuses; lord Wallon;
 Dorival: une femme trompée par son mari reste vertueuse;
 Dorlange; O-Barbo...;
 Dorval;
 Du Parc;
 Dubois. Milord;
 Edmond;
 Edouard;
 Edouard de Rochester;
 éducation d’un prince;
 effusions sentimentales; intentions comiques.;
 Egypte; Béatrix de Trincavel; Clémence; Bernard;
 éléments historiques; Le;
 éléments historiques.;
 éléments merveilleux;
 éléments réalistes.;
 Eléonore;
 Elisa;
 Elisabeth;
 Elmire;
 Elvira de Valentia; Feltidie; Ulamor;;
 Elvire. Zéila;
 Emilia;
 Emilie;
 emprisonnement à cause des poèmes satiriques;
 en leur montrant que leur sort ne serait pas meilleur ailleurs.;
 En marge: Ire personne mais avec beaucoup de narration historique 3e personne;
 Ephèse;
 épisode chez les Indiens; Sophie;
 épisodes orientaux; Trusty; Denain; M. de Sargi;
 épisodes orientaux.;
 Ermance;
 Espagne;
 Esprit. Prudence;
 et anecdotes;
 et s’en va en enfer;
 etc.;
 étudiant en droit;
 Eugénie;
 Eulalie;
 Euphrosine de Therfort;
 Europe;
 Eustache Bongard;
 événements historiques dont le narrateur prétend avoir été témoin oculaire;
 événements merveilleux;
 événements politiques;
 Faldoni;
 Fanfan;
 Fatime;
 Faustus;
 Félicie;
 Félicité;
 Félix;
 Feltidie-Fidélité;
 Fercoeur;
 Fielburg;
 fin de l’Empire romain;
 finissent par se retrouver;
 Flore;
 Fourbin;
 France;
 Francfort;
 François Arundel;
 Friso;
 Gaule;
 Genebaud;
 Gènes;
 George;
 Georgette;
 Géraldine;
 Germeuil;
 Glazir;
 Glycérie;
 Grèce antique;
 Grisol;
 guerres;
 guerriers: Marcomise;
 Guillaume de Neustrie;
 Henriette;
 Herman tin;
 Hermas;
 Hermocrate;
 Hippolite Doria;
 histoire d’amour;
 Histoire de Marguerite: Ire personne;
 histoires d’amour;
 histoires d’amour.;
 histoires de famille;
 Honorine Clarins;
 Horatio;
 horreur et violence;
 ia Princesse;
 Ile-de-France;
 Indes;
 Indes occidentales;
 intentions;
 Intentions moralisatrices;
 intentions moralisatrices.;
 intrigue mondaine;
 intrigue sentimentale;
 intrigue sentimentale sur le fond des guerres contre les Albigeois;
 intrigue sentimentale: Ruspia épouse le vice-roi de Goa.;
 intrigues amoureuses;
 intrigues de cour;
 intrigues galantes;
 intrigues mondaines;
 intrigues mondaines et sentimentales;
 intrigues politiques;
 intrigues politiques et amoureuses;
 intrigues sentimentales;
 intrigues sentimentales.;
 Ire personne;
 Irlande fantaisiste;
 Isabelle;
 isle de C***;
 isle de Naudelit;
 Ismaël Raab;
 Italie;
 Jaco;
 Jehandar. . .;
 Jenny Bleinmore;
 jeune;
 JT 20 brum.;
 Julia;
 Julie;
 Justine Ifamille de paysans;
 l’Abbé;
 l’Abbé **;
 l’abbé Printemps;
 l’Abbesse;
 l’Are tin;
 l’atime:;
 la;
 la Baronne;
 la citoyenne Renelle;
 la comtesse de Larba;
 la comtesse de Sonstermond;
 la fée Merote;
 la fée Morena;
 la Ferveur;
 la jeune Annette;
 la marquise de ***;
 la marquise de Châteaubrun;
 la marquise de Merteuil;
 la marquise de Montliermine;
 la marquise de Varsan;
 la Nymphe;
 la nymphe Coninéta;
 la Présidente;
 La probité récompensée;
 la reine Christine;
 La veuve du vieux Simon;
 lady Juliette;
 lady Warthei;
 lady Woodville;
 Lambert;
 Landerino;
 Laure;
 Laure Zubic;
 le bailli Waumann;
 le Baron;
 le baron de Montford;
 le berger;
 Le bonheur naît souvent du hasard ou la rencontre;
 Le Caire;
 le Cap;
 le Capitaine;
 le Capitaine...;
 le chevalier d’Artigues;
 le chevalier de ***. Mocharefé;
 le chevalier de Clermeuil;
 le chevalier de Lorménil:;
 le chevalier de Recourt;
 le chevalier de Saint-Flour;
 le comte Braviny;
 le comte d’Aramans;
 le comte d’Essex;
 le comte de Bellamy;
 le comte de G...;
 le comte de l’Esperanza;
 le comte de Melvil;
 le comte de Monticourt;
 le comte de Montrose. Amana;
 le comte de Poligni;
 le comte de Walstein;
 le Docteur;
 le docteur Pyrico-Proto-Patouphlet;
 le duc de Guise;
 le duc de L***. D’Alichan;
 le duc de Wirtemberg;
 le forestier Dornbusch;
 le génie Zelim;
 le Marquis;
 le marquis d’Albemac;
 le marquis d’Artimon;
 le marquis de ***:;
 le pasteur Schottenius;
 le père Anselme;
 le premier sur le thème de l’impatience;
 le Prince;
 le prince Baby-Bambou;
 le Prince Biguen;
 le prince Phénissai;
 le Saint-Désir;
 le second sur celui du bavardage.;
 le sieur Th **;
 le sire de Lautrec;
 le sultan Mustapha;
 le vicomte de St. Méran;
 le vicomte de Valmont;
 Léna;
 les Alpes;
 les déceptions d’un solitaire;
 Les deux hermites ou ce que c’est que les disputes;
 les mésaventures d’un Anglaisa Paris;
 les voyages et aventures d’un homme à qui parlent les bois de lit;
 Lettres;
 Lettres de Jenny Bleinmore: lettres;
 libertinage des religieuses.;
 liermocrate;
 Lievang;
 Lindor;
 Liosua;
 Liotard;
 Lisimon;
 Lisvart de Grèce;
 littérature enfantine.;
 loge chez un homme doué de toutes les vertus...;
 Lolotte;
 Londres;
 Londres... ;
 lord Finlay;
 lord Glenmore;
 lord Munster;
 Lorezzo;
 Louis;
 Lucie;
 Lucile;
 Lurwel;
 M. B.;
 M. Burt;
 M. Charmont. Julie:;
 M. Churchill;
 M. de Champigny;
 M. de Colsan;
 M. de Gardener;
 M. de Pienne;
 M. de Roche-Ecueil;
 M. de Sainte-Marine;
 M. de Villebrais;
 M. Dumont;
 M. Ellison;
 M. Hervey;
 M. Jasmin;
 M. Johnson. M. Foote;
 M. le Comte;
 M. le Sage;
 M. Limon;
 M. Scliaap. madame de Marsile;
 M. Terry;
 M. Thompson;
 M. Waverly;
 M.D**;
 madame D***;
 madame Dumas;
 madame Euphrosie;
 madame G**;
 madame Gautier;
 madame Pyron;
 madame Saint-Hilaire;
 madame Simon;
 mademoiselle de Tendre;
 Mahamoud;
 mais finit par entrer dans les ordres;
 mais intentions moralisatrices.;
 malheurs;
 malheurs d’un jeune homme dont l’éducation a été négligée;
 malheurs d’un jeune homme qui est trop honnête;
 malheurs romanesques;
 malheurs.;
 Mamouth;
 Marguerite;
 Maria;
 Marie;
 Mathilde;
 Matliilda;
 Mavoro;
 mélancolie;
 mélancolie.;
 Mexique;
 Midahalob;
 Midi de la France;
 milady Law;
 milady Plewsbrok;
 Milan;
 Milistina Berrel;
 milord Hindsci;
 milord Welty;
 Mimi;
 Mirza;
 miss Eanni West;
 miss Elizabeth Darneley;
 miss Fanni;
 miss Henriette William;
 miss Lony;
 miss Lucas;
 miss Milner;
 miss Woodley;
 mistriss Mason;
 mistriss Samson. Monsieur Darnly;
 mistriss Walby;
 Mlle d’Effiat;
 Mlle Mézirac;
 Mlle P***;
 Mme Buley;
 Mme Cousens;
 Mme d’Etanges;
 Mme d’Orcy;
 Mme d’Orville;
 Mme de Courmiil;
 Mme de Crémy;
 Mme de M.;
 Mme de P. ...;
 Mme de St. Hilaire;
 Mme de Valencoure;
 Mme Timoncoeur;
 Mme Toussaint;
 Modena;
 monsieur d’Orseil;
 Monsieur de Forville. Villuma. A nais;
 monsieur de Rosemond;
 monsieur et madame Grimaldi;
 Mont-Clar;
 Monte-Doloroso;
 Montluison;
 Moyen-Orient;
 Mr Crab;
 Mr Parker;
 Mr. Fréval;
 mylord Chesterfield;
 Mysie;
 mystères;
 Naples;
 Naples. Espagne;
 nature.;
 Nina;
 observations morales;
 Olinor;
 Olivier. Célanire;
 Oneyo;
 Ononthio;
 Oribeau;
 Oribelle;
 ouvrage à clef.;
 p. vii;
 Palémon;
 Palestine;
 Parasophie;
 Paris;
 Paris:;
 Paulin;
 Pauline;
 pays imaginaires;
 pays méditerranéens;
 peinture des mœurs;
 peinture des moeurs.;
 peinture des mœurs:;
 peinture et critique des mauvaises moeurs;
 Pérou;
 Perse;
 personnages rencontrés sur le chemin;
 petit Candide;
 Petit-Jacques;
 petits billets sans lien entre eux;
 Phila;
 Philax;
 Philétas;
 Phlegmaton;
 Pierre;
 Pierre Valdo;
 plusieurs pays d’Europe;
 Policeyde;
 Portugal;
 pour servir de suite au Petit Candide.;
 pp. 334-407;
 Pp. 81-168;
 presque pas de procédés romanesques.;
 prétentions morales;
 prétentions moralisatrices.;
 prétentions philosophiques.;
 prose poétique entremêlée de vers.;
 Provence;
 province;
 pseudo-traduction d’un vieux manuscrit écossais;
 Rasselas;
 Rativol;
 Raymond Roger;
 Reboul Morceaux critiques sur l’ouvrage de l’abbé Barthélemy;
 récit 1re personne;
 récits;
 récits intercalés Ire personne;
 réflexions morales.;
 réflexions philosophiques;
 retenu à Paris pour un procès;
 retour à la nature.;
 Rheyder;
 Robert;
 roman:;
 Rome;
 Rosalie;
 Rose;
 Rose:;
 Rosine;
 Rousseville;
 s’étonne de voir que dans la capitale française aucun règlement n’est respecté;
 Sady;
 Saint-Domingue;
 Saint-Louis;
 Salancey;
 Sally;
 sans éléments romanesques à part un conte moral;
 Sara;
 Sarpili;
 Savoie;
 Sélim Mahoglip;
 sensibilité;
 sensibilité effrénée;
 sensibilité effrénée.88.48;
 sensibilité.;
 sensibilité.99.120;
 séparés par des aventures romanesques;
 Sessega;
 Simon Laroche;
 simplicité;
 sir James;
 sir Lastnick;
 sir Remi;
 sœur Agathe;
 Solfa;
 son maître;
 Sophie;
 St. Preux;
 Stowe;
 Strap;
 Straton. Aristo-clie. Aristandre;
 style épique.;
 Suzon;
 Sylvie;
 Taumelli;
 tendances réalistes au début.;
 tendances réalistes.;
 Teuphis;
 thèmes philosophiques;
 thèmes politiques.;
 Thémistocle;
 Théoclée;
 Théodore;
 Thérèse;
 ton enjoué.;
 ton léger;
 ton moralisateur.;
 ton plaisant.;
 ton satirique;
 ton satirique.;
 ton sentimental.;
 trop sensible;
 Tubaée;
 Turin;
 Tyridate;
 Ulamor-l’amour;
 un mauvais—et veillent sur leurs premiers pas dans le monde;
 une jeune femme finit par se faire religieuse.;
 une jeune fille persécutée par son amoureux;
 une mère s’occupent de l’éducation de leurs fils-un bon sujet;
 utopie;
 utopie.;
 valeur héroique &c.;
 variété des tons;
 Vemey;
 vengeances;
 Versieux;
 vertu;
 vertu.;
 victime d’une erreur judiciaire;
 vie d’une jeune fille imprudente;
 vie romancée d’Aristide;
 vignettes de la vie parisienne;
 Viomade;
 Vitikind;
 voluptueux.;
 voyage;
 Voyage du jeune Anacharsis;
 voyages;
 voyages à travers l’Europe d’un jeune paysan;
 voyages d’un jeune homme;
 voyages et aventures romanesques;
 voyages.;
 Wisdom;
 Xercès;
 XVIe siècle;
 Yariko;
 Zellia;
 Zéphirine;
 Zina;
 Zinéra;
 Zisca;
 Zulima;
 Zulma;
